{"cameraMode":{"drawMode":0,"name":"Shaded","section":"Shading Mode"},"sceneLighting":true,"audioPlay":false,"sceneViewState":{"showFog":true,"showMaterialUpdate":false,"showSkybox":true,"showFlares":true,"showImageEffects":true,"showParticleSystems":true},"in2DMode":false,"pivot":{"x":-0.18306273221969605,"y":1.5292985439300538,"z":3.355518102645874},"rotation":{"x":-0.03713458031415939,"y":0.18685662746429444,"z":-0.007065954618155956,"w":-0.9816662073135376},"size":2.095452070236206,"orthographic":false}