{"cameraMode":{"drawMode":0,"name":"Shaded","section":"Shading Mode"},"sceneLighting":true,"audioPlay":false,"sceneViewState":{"showFog":true,"showMaterialUpdate":false,"showSkybox":true,"showFlares":true,"showImageEffects":true,"showParticleSystems":true},"in2DMode":false,"pivot":{"x":-0.6472361087799072,"y":1.4091250896453858,"z":5.820498466491699},"rotation":{"x":-0.13150186836719514,"y":0.07931189239025116,"z":-0.010554465465247631,"w":-0.9880890846252441},"size":5.165269374847412,"orthographic":false}