{"cameraMode":{"drawMode":0,"name":"Shaded","section":"Shading Mode"},"sceneLighting":true,"audioPlay":false,"sceneViewState":{"showFog":true,"showMaterialUpdate":false,"showSkybox":true,"showFlares":true,"showImageEffects":true,"showParticleSystems":true},"in2DMode":false,"pivot":{"x":0.28329816460609438,"y":1.1634271144866944,"z":4.657345771789551},"rotation":{"x":-0.09600204974412918,"y":0.05729805678129196,"z":-0.00553395040333271,"w":-0.9937215447425842},"size":8.034732818603516,"orthographic":false}