{"cameraMode":{"drawMode":0,"name":"Shaded","section":"Shading Mode"},"sceneLighting":true,"audioPlay":false,"sceneViewState":{"showFog":true,"showMaterialUpdate":false,"showSkybox":true,"showFlares":true,"showImageEffects":true,"showParticleSystems":true},"in2DMode":false,"pivot":{"x":2.003448486328125,"y":4.039638519287109,"z":0.3330874443054199},"rotation":{"x":-0.08574454486370087,"y":0.25471752882003786,"z":-0.022679194808006288,"w":-0.9629431962966919},"size":9.441661834716797,"orthographic":false}